timeStamp,elapsed,label,responseCode,responseMessage,threadName,dataType,success,failureMessage,bytes,grpThreads,allThreads,Latency,IdleTime
1530293364006,73571,obtenerEncuesta,200,OK,bzm - Concurrency Thread Group 1-23,text,true,,43905,350,350,73532,0
1530293364014,93997,obtenerEncuesta,200,OK,bzm - Concurrency Thread Group 1-25,text,true,,43917,400,400,93996,0
1530293364009,94072,obtenerEncuesta,200,OK,bzm - Concurrency Thread Group 1-1,text,true,,43914,400,400,94031,0
1530293364007,98293,obtenerEncuesta,200,OK,bzm - Concurrency Thread Group 1-21,text,true,,43915,450,450,98263,0
1530293363999,98317,obtenerEncuesta,200,OK,bzm - Concurrency Thread Group 1-30,text,true,,43906,450,450,98268,0
1530293364014,98354,obtenerEncuesta,200,OK,bzm - Concurrency Thread Group 1-38,text,true,,43904,450,450,98273,0
1530293364007,98398,obtenerEncuesta,200,OK,bzm - Concurrency Thread Group 1-43,text,true,,43905,450,450,98357,0
1530293364015,99017,obtenerEncuesta,200,OK,bzm - Concurrency Thread Group 1-45,text,true,,43914,450,450,98993,0
1530293364008,104666,obtenerEncuesta,200,OK,bzm - Concurrency Thread Group 1-39,text,true,,43908,450,450,104662,0
1530293364006,104779,obtenerEncuesta,200,OK,bzm - Concurrency Thread Group 1-3,text,true,,43910,450,450,104778,0
1530293364004,111242,obtenerEncuesta,200,OK,bzm - Concurrency Thread Group 1-24,text,true,,43908,500,500,111052,0
1530293364004,111285,obtenerEncuesta,200,OK,bzm - Concurrency Thread Group 1-8,text,true,,43915,500,500,111273,0
1530293364007,111847,obtenerEncuesta,200,OK,bzm - Concurrency Thread Group 1-9,text,true,,43911,500,500,111257,0
1530293364006,112036,obtenerEncuesta,200,OK,bzm - Concurrency Thread Group 1-18,text,true,,43914,500,500,112029,0
1530293364003,112515,obtenerEncuesta,200,OK,bzm - Concurrency Thread Group 1-27,text,true,,43908,500,500,112317,0
1530293364016,112578,obtenerEncuesta,200,OK,bzm - Concurrency Thread Group 1-10,text,true,,43913,500,500,112575,0
1530293364014,113051,obtenerEncuesta,200,OK,bzm - Concurrency Thread Group 1-5,text,true,,43907,500,500,112671,0
1530293364003,113081,obtenerEncuesta,200,OK,bzm - Concurrency Thread Group 1-33,text,true,,43908,500,500,112912,0
1530293364000,113303,obtenerEncuesta,200,OK,bzm - Concurrency Thread Group 1-13,text,true,,43909,500,500,113302,0
1530293364013,113503,obtenerEncuesta,200,OK,bzm - Concurrency Thread Group 1-40,text,true,,43909,500,500,113502,0
1530293364009,113729,obtenerEncuesta,200,OK,bzm - Concurrency Thread Group 1-16,text,true,,43915,500,500,113716,0
1530293364016,114126,obtenerEncuesta,200,OK,bzm - Concurrency Thread Group 1-17,text,true,,43904,500,500,114011,0
1530293364013,114592,obtenerEncuesta,200,OK,bzm - Concurrency Thread Group 1-50,text,true,,43903,500,500,114534,0
1530293364013,114779,obtenerEncuesta,200,OK,bzm - Concurrency Thread Group 1-34,text,true,,43920,500,500,114773,0
1530293364008,114861,obtenerEncuesta,200,OK,bzm - Concurrency Thread Group 1-15,text,true,,43914,500,500,114855,0
1530293364002,115099,obtenerEncuesta,200,OK,bzm - Concurrency Thread Group 1-47,text,true,,43909,500,500,115066,0
1530293364016,115097,obtenerEncuesta,200,OK,bzm - Concurrency Thread Group 1-46,text,true,,43905,500,500,115094,0
1530293364001,115668,obtenerEncuesta,200,OK,bzm - Concurrency Thread Group 1-41,text,true,,43913,500,500,115666,0
1530293364002,119446,obtenerEncuesta,200,OK,bzm - Concurrency Thread Group 1-19,text,true,,43911,500,500,119445,0
1530293364015,132908,obtenerEncuesta,200,OK,bzm - Concurrency Thread Group 1-48,text,true,,43907,500,500,132907,0
1530293364002,135393,obtenerEncuesta,200,OK,bzm - Concurrency Thread Group 1-4,text,true,,43908,500,500,135390,0
1530293364013,149547,obtenerEncuesta,200,OK,bzm - Concurrency Thread Group 1-22,text,true,,43909,500,500,149544,0
1530293364004,159628,obtenerEncuesta,200,OK,bzm - Concurrency Thread Group 1-11,text,true,,43910,500,500,159600,0
1530293363999,164745,obtenerEncuesta,200,OK,bzm - Concurrency Thread Group 1-31,text,true,,43911,500,500,164744,0
1530293364012,164957,obtenerEncuesta,200,OK,bzm - Concurrency Thread Group 1-35,text,true,,43917,500,500,164956,0
1530293364001,181342,obtenerEncuesta,200,OK,bzm - Concurrency Thread Group 1-49,text,true,,43914,500,500,181323,0
1530293364001,183815,obtenerEncuesta,200,OK,bzm - Concurrency Thread Group 1-26,text,true,,43909,500,500,183813,0
1530293364013,189903,obtenerEncuesta,200,OK,bzm - Concurrency Thread Group 1-7,text,true,,43911,500,500,189897,0
1530293364006,230927,obtenerEncuesta,200,OK,bzm - Concurrency Thread Group 1-2,text,true,,43905,500,500,230890,0
1530293364014,235086,obtenerEncuesta,200,OK,bzm - Concurrency Thread Group 1-32,text,true,,43908,500,500,235041,0
1530293364007,235341,obtenerEncuesta,200,OK,bzm - Concurrency Thread Group 1-37,text,true,,43925,500,500,235334,0
1530293364008,240484,obtenerEncuesta,200,OK,bzm - Concurrency Thread Group 1-12,text,true,,43911,500,500,240450,0
1530293376038,228559,obtenerEncuesta,200,OK,bzm - Concurrency Thread Group 1-83,text,true,,43906,499,499,228529,0
1530293375989,229468,obtenerEncuesta,200,OK,bzm - Concurrency Thread Group 1-58,text,true,,43909,498,498,229439,0
1530293364014,246395,obtenerEncuesta,200,OK,bzm - Concurrency Thread Group 1-44,text,true,,43908,497,497,246358,0
1530293375988,246905,obtenerEncuesta,200,OK,bzm - Concurrency Thread Group 1-68,text,true,,43912,496,496,246884,0
1530293364012,258958,obtenerEncuesta,200,OK,bzm - Concurrency Thread Group 1-20,text,true,,43914,495,495,258957,0
1530293364003,258977,obtenerEncuesta,200,OK,bzm - Concurrency Thread Group 1-42,text,true,,43914,494,494,258964,0
1530293375979,247026,obtenerEncuesta,200,OK,bzm - Concurrency Thread Group 1-70,text,true,,43918,493,493,247025,0
1530293376056,247352,obtenerEncuesta,200,OK,bzm - Concurrency Thread Group 1-88,text,true,,43909,492,492,247206,0
1530293364006,259939,obtenerEncuesta,200,OK,bzm - Concurrency Thread Group 1-14,text,true,,43914,491,491,259935,0
1530293364008,260085,obtenerEncuesta,200,OK,bzm - Concurrency Thread Group 1-29,text,true,,43915,490,490,259788,0
1530293364006,260119,obtenerEncuesta,200,OK,bzm - Concurrency Thread Group 1-6,text,true,,43906,489,489,259782,0
1530293364000,264933,obtenerEncuesta,200,OK,bzm - Concurrency Thread Group 1-36,text,true,,43911,488,488,260084,0
1530293364004,265148,obtenerEncuesta,200,OK,bzm - Concurrency Thread Group 1-28,text,true,,43914,487,487,265144,0
1530293375981,253376,obtenerEncuesta,200,OK,bzm - Concurrency Thread Group 1-69,text,true,,43912,486,486,253370,0
1530293376125,253821,obtenerEncuesta,200,OK,bzm - Concurrency Thread Group 1-98,text,true,,43909,485,485,253821,0
1530293375997,253994,obtenerEncuesta,200,OK,bzm - Concurrency Thread Group 1-55,text,true,,43912,484,484,253990,0
1530293376088,253934,obtenerEncuesta,200,OK,bzm - Concurrency Thread Group 1-91,text,true,,43906,483,483,253884,0
1530293376034,254408,obtenerEncuesta,200,OK,bzm - Concurrency Thread Group 1-82,text,true,,43909,482,482,254404,0
1530293375981,254539,obtenerEncuesta,200,OK,bzm - Concurrency Thread Group 1-64,text,true,,43906,481,481,254531,0
1530293375792,254962,obtenerEncuesta,200,OK,bzm - Concurrency Thread Group 1-51,text,true,,43912,480,480,254952,0
1530293375987,254845,obtenerEncuesta,200,OK,bzm - Concurrency Thread Group 1-53,text,true,,43909,479,479,254839,0
1530293376136,254856,obtenerEncuesta,200,OK,bzm - Concurrency Thread Group 1-100,text,true,,43904,478,478,254853,0
1530293375997,255226,obtenerEncuesta,200,OK,bzm - Concurrency Thread Group 1-73,text,true,,43912,477,477,255212,0
1530293376036,257340,obtenerEncuesta,200,OK,bzm - Concurrency Thread Group 1-65,text,true,,43906,476,476,257339,0
1530293375993,257435,obtenerEncuesta,200,OK,bzm - Concurrency Thread Group 1-57,text,true,,43903,475,475,257429,0
1530293376004,257651,obtenerEncuesta,200,OK,bzm - Concurrency Thread Group 1-63,text,true,,43912,474,474,257643,0
1530293376032,257773,obtenerEncuesta,200,OK,bzm - Concurrency Thread Group 1-74,text,true,,43915,473,473,257759,0
1530293376040,264876,obtenerEncuesta,200,OK,bzm - Concurrency Thread Group 1-87,text,true,,43906,472,472,264875,0
1530293376003,274226,obtenerEncuesta,200,OK,bzm - Concurrency Thread Group 1-52,text,true,,43915,471,471,274214,0
1530293376115,275222,obtenerEncuesta,200,OK,bzm - Concurrency Thread Group 1-96,text,true,,43918,470,470,275221,0
1530293375983,320647,obtenerEncuesta,200,OK,bzm - Concurrency Thread Group 1-72,text,true,,43903,469,469,320637,0
1530293376069,346285,obtenerEncuesta,200,OK,bzm - Concurrency Thread Group 1-90,text,true,,43918,468,468,346268,0
1530293376119,347362,obtenerEncuesta,200,OK,bzm - Concurrency Thread Group 1-97,text,true,,43906,467,467,347351,0
1530293376004,350192,obtenerEncuesta,200,OK,bzm - Concurrency Thread Group 1-67,text,true,,43906,466,466,350156,0
1530293376005,350227,obtenerEncuesta,200,OK,bzm - Concurrency Thread Group 1-60,text,true,,43909,465,465,350174,0
1530293376101,350543,obtenerEncuesta,200,OK,bzm - Concurrency Thread Group 1-94,text,true,,43909,464,464,350514,0
1530293376009,355548,obtenerEncuesta,200,OK,bzm - Concurrency Thread Group 1-66,text,true,,43906,463,463,355460,0
1530293375999,357073,obtenerEncuesta,200,OK,bzm - Concurrency Thread Group 1-54,text,true,,43906,462,462,357059,0
1530293376046,376880,obtenerEncuesta,200,OK,bzm - Concurrency Thread Group 1-86,text,true,,43912,461,461,376880,0
1530293376060,381777,obtenerEncuesta,200,OK,bzm - Concurrency Thread Group 1-89,text,true,,43903,460,460,381608,0
1530293376002,381859,obtenerEncuesta,200,OK,bzm - Concurrency Thread Group 1-59,text,true,,43906,459,459,381846,0
1530293376012,387370,obtenerEncuesta,200,OK,bzm - Concurrency Thread Group 1-80,text,true,,43918,458,458,387370,0
1530293376019,387845,obtenerEncuesta,200,OK,bzm - Concurrency Thread Group 1-76,text,true,,43912,457,457,387812,0
1530293376009,387883,obtenerEncuesta,200,OK,bzm - Concurrency Thread Group 1-85,text,true,,43909,456,456,387878,0
1530293376001,393908,obtenerEncuesta,200,OK,bzm - Concurrency Thread Group 1-62,text,true,,43912,455,455,393859,0
1530293376001,399844,obtenerEncuesta,200,OK,bzm - Concurrency Thread Group 1-61,text,true,,43900,454,454,399839,0
1530293376131,400197,obtenerEncuesta,200,OK,bzm - Concurrency Thread Group 1-99,text,true,,43903,453,453,400133,0
1530293375991,400670,obtenerEncuesta,200,OK,bzm - Concurrency Thread Group 1-56,text,true,,43906,452,452,400669,0
1530293376073,400776,obtenerEncuesta,200,OK,bzm - Concurrency Thread Group 1-92,text,true,,43912,451,451,400738,0
1530293376038,400818,obtenerEncuesta,200,OK,bzm - Concurrency Thread Group 1-84,text,true,,43909,450,450,400753,0
1530293376017,400900,obtenerEncuesta,200,OK,bzm - Concurrency Thread Group 1-77,text,true,,43915,450,450,400793,0
1530293376107,401041,obtenerEncuesta,200,OK,bzm - Concurrency Thread Group 1-95,text,true,,43909,448,448,401005,0
1530293376012,401143,obtenerEncuesta,200,OK,bzm - Concurrency Thread Group 1-81,text,true,,43906,447,447,401032,0
1530293376015,407401,obtenerEncuesta,200,OK,bzm - Concurrency Thread Group 1-78,text,true,,43909,446,446,407377,0
1530293376038,407856,obtenerEncuesta,200,OK,bzm - Concurrency Thread Group 1-75,text,true,,43909,445,445,407823,0
1530293376099,408759,obtenerEncuesta,200,OK,bzm - Concurrency Thread Group 1-93,text,true,,43918,444,444,408756,0
1530293376036,408864,obtenerEncuesta,200,OK,bzm - Concurrency Thread Group 1-71,text,true,,43906,443,443,408840,0
1530293376014,409050,obtenerEncuesta,200,OK,bzm - Concurrency Thread Group 1-79,text,true,,43915,442,442,408994,0
1530293388332,399181,obtenerEncuesta,200,OK,bzm - Concurrency Thread Group 1-116,text,true,,43911,441,441,399176,0
1530293388590,399514,obtenerEncuesta,200,OK,bzm - Concurrency Thread Group 1-137,text,true,,43911,440,440,399508,0
1530293388415,399690,obtenerEncuesta,200,OK,bzm - Concurrency Thread Group 1-115,text,true,,43917,440,440,399690,0
1530293388622,399611,obtenerEncuesta,200,OK,bzm - Concurrency Thread Group 1-146,text,true,,43915,438,438,399604,0
1530293388357,399971,obtenerEncuesta,200,OK,bzm - Concurrency Thread Group 1-108,text,true,,43908,437,437,399969,0
1530293388573,399787,obtenerEncuesta,200,OK,bzm - Concurrency Thread Group 1-131,text,true,,43908,436,436,399764,0
1530293388320,400299,obtenerEncuesta,200,OK,bzm - Concurrency Thread Group 1-105,text,true,,43910,435,435,400288,0
1530293388364,401660,obtenerEncuesta,200,OK,bzm - Concurrency Thread Group 1-106,text,true,,43911,434,434,401647,0
1530293388575,401610,obtenerEncuesta,200,OK,bzm - Concurrency Thread Group 1-132,text,true,,43908,433,433,401604,0
1530293388617,401931,obtenerEncuesta,200,OK,bzm - Concurrency Thread Group 1-142,text,true,,43909,432,432,401738,0
1530293388324,414075,obtenerEncuesta,200,OK,bzm - Concurrency Thread Group 1-109,text,true,,43911,431,431,414075,0
1530293388423,414522,obtenerEncuesta,200,OK,bzm - Concurrency Thread Group 1-127,text,true,,43908,430,430,414522,0
1530293388363,440099,obtenerEncuesta,200,OK,bzm - Concurrency Thread Group 1-113,text,true,,43911,429,429,440098,0
1530293388680,441280,obtenerEncuesta,200,OK,bzm - Concurrency Thread Group 1-149,text,true,,43909,428,428,441279,0
1530293388578,497678,obtenerEncuesta,200,OK,bzm - Concurrency Thread Group 1-138,text,true,,43914,427,427,497663,0
1530293388419,500165,obtenerEncuesta,200,OK,bzm - Concurrency Thread Group 1-128,text,true,,43914,426,426,500119,0
1530293388564,500432,obtenerEncuesta,200,OK,bzm - Concurrency Thread Group 1-136,text,true,,43905,425,425,500356,0
1530293388321,501179,obtenerEncuesta,200,OK,bzm - Concurrency Thread Group 1-110,text,true,,43925,424,424,501169,0
1530293388420,506140,obtenerEncuesta,200,OK,bzm - Concurrency Thread Group 1-126,text,true,,43908,423,423,506127,0
1530293388232,506744,obtenerEncuesta,200,OK,bzm - Concurrency Thread Group 1-102,text,true,,43907,422,422,506660,0
1530293388376,506617,obtenerEncuesta,200,OK,bzm - Concurrency Thread Group 1-119,text,true,,43911,421,421,506588,0
1530293388327,522127,obtenerEncuesta,200,OK,bzm - Concurrency Thread Group 1-114,text,true,,43914,420,420,522112,0
1530293388326,533437,obtenerEncuesta,200,OK,bzm - Concurrency Thread Group 1-117,text,true,,43914,419,419,529660,0
1530293388335,533633,obtenerEncuesta,200,OK,bzm - Concurrency Thread Group 1-112,text,true,,43914,418,418,533622,0
1530293388556,533512,obtenerEncuesta,200,OK,bzm - Concurrency Thread Group 1-129,text,true,,43908,417,417,533471,0
1530293388357,534255,obtenerEncuesta,200,OK,bzm - Concurrency Thread Group 1-111,text,true,,43905,416,416,534207,0
1530293388616,534113,obtenerEncuesta,200,OK,bzm - Concurrency Thread Group 1-144,text,true,,43915,415,415,534046,0
1530293388569,534185,obtenerEncuesta,200,OK,bzm - Concurrency Thread Group 1-133,text,true,,43905,414,414,534119,0
1530293388618,540311,obtenerEncuesta,200,OK,bzm - Concurrency Thread Group 1-145,text,true,,43915,413,413,540301,0
1530293388571,540669,obtenerEncuesta,200,OK,bzm - Concurrency Thread Group 1-130,text,true,,43905,412,412,540636,0
1530293388146,541775,obtenerEncuesta,200,OK,bzm - Concurrency Thread Group 1-101,text,true,,43913,411,411,541756,0
1530293388319,541681,obtenerEncuesta,200,OK,bzm - Concurrency Thread Group 1-121,text,true,,43913,410,410,541671,0
1530293388335,548285,obtenerEncuesta,200,OK,bzm - Concurrency Thread Group 1-123,text,true,,43917,409,409,548276,0
1530293388314,548309,obtenerEncuesta,200,OK,bzm - Concurrency Thread Group 1-104,text,true,,43904,408,408,548285,0
1530293388316,548381,obtenerEncuesta,200,OK,bzm - Concurrency Thread Group 1-122,text,true,,43907,407,407,548362,0
1530293388567,548198,obtenerEncuesta,200,OK,bzm - Concurrency Thread Group 1-134,text,true,,43914,406,406,548192,0
1530293388410,548489,obtenerEncuesta,200,OK,bzm - Concurrency Thread Group 1-125,text,true,,43908,405,405,548481,0
1530293388562,548767,obtenerEncuesta,200,OK,bzm - Concurrency Thread Group 1-135,text,true,,43914,404,404,548763,0
1530293388594,548930,obtenerEncuesta,200,OK,bzm - Concurrency Thread Group 1-140,text,true,,43903,403,403,548929,0
1530293388359,549230,obtenerEncuesta,200,OK,bzm - Concurrency Thread Group 1-107,text,true,,43920,402,402,549220,0
1530293388323,549545,obtenerEncuesta,200,OK,bzm - Concurrency Thread Group 1-118,text,true,,43914,401,401,549404,0
1530293388648,558575,obtenerEncuesta,200,OK,bzm - Concurrency Thread Group 1-150,text,true,,43909,400,400,558574,0
1530293388426,559596,obtenerEncuesta,200,OK,bzm - Concurrency Thread Group 1-120,text,true,,43904,399,399,559596,0
1530293388591,559506,obtenerEncuesta,200,OK,bzm - Concurrency Thread Group 1-139,text,true,,43909,398,398,559481,0
1530293388629,559545,obtenerEncuesta,200,OK,bzm - Concurrency Thread Group 1-148,text,true,,43909,397,397,559542,0
1530293388626,559645,obtenerEncuesta,200,OK,bzm - Concurrency Thread Group 1-147,text,true,,43906,396,396,559641,0
1530293388321,560256,obtenerEncuesta,200,OK,bzm - Concurrency Thread Group 1-124,text,true,,43910,395,395,560240,0
1530293388423,560229,obtenerEncuesta,200,OK,bzm - Concurrency Thread Group 1-103,text,true,,43914,394,394,560227,0
1530293388606,560071,obtenerEncuesta,200,OK,bzm - Concurrency Thread Group 1-141,text,true,,43906,393,393,560070,0
1530293388614,582159,obtenerEncuesta,200,OK,bzm - Concurrency Thread Group 1-143,text,true,,43915,392,392,582153,0
1530293399710,571487,obtenerEncuesta,200,OK,bzm - Concurrency Thread Group 1-154,text,true,,43912,391,391,571487,0
1530293399717,581998,obtenerEncuesta,200,OK,bzm - Concurrency Thread Group 1-155,text,true,,43909,390,390,581997,0
1530293399670,588908,obtenerEncuesta,200,OK,bzm - Concurrency Thread Group 1-151,text,true,,43912,389,389,588905,0
1530293399677,589495,obtenerEncuesta,200,OK,bzm - Concurrency Thread Group 1-153,text,true,,43906,388,388,589495,0
1530293399671,596120,obtenerEncuesta,200,OK,bzm - Concurrency Thread Group 1-152,text,true,,43918,387,387,596120,0
1530293399764,604825,obtenerEncuesta,200,OK,bzm - Concurrency Thread Group 1-159,text,true,,43909,386,386,604808,0
1530293399749,605435,obtenerEncuesta,200,OK,bzm - Concurrency Thread Group 1-156,text,true,,43912,385,385,605434,0
1530293399761,605597,obtenerEncuesta,200,OK,bzm - Concurrency Thread Group 1-158,text,true,,43906,384,384,605596,0
1530293399716,610752,obtenerEncuesta,200,OK,bzm - Concurrency Thread Group 1-157,text,true,,43903,383,383,610752,0
1530293399803,627826,obtenerEncuesta,200,OK,bzm - Concurrency Thread Group 1-164,text,true,,43912,382,382,627819,0
1530293399830,650134,obtenerEncuesta,200,OK,bzm - Concurrency Thread Group 1-167,text,true,,43900,381,381,650114,0
1530293399775,650772,obtenerEncuesta,200,OK,bzm - Concurrency Thread Group 1-161,text,true,,43903,380,380,650760,0
1530293399809,667980,obtenerEncuesta,200,OK,bzm - Concurrency Thread Group 1-162,text,true,,43906,379,379,667870,0
1530293399771,668358,obtenerEncuesta,200,OK,bzm - Concurrency Thread Group 1-160,text,true,,43906,378,378,668284,0
1530293399798,668402,obtenerEncuesta,200,OK,bzm - Concurrency Thread Group 1-163,text,true,,43912,377,377,668366,0
1530293399821,673333,obtenerEncuesta,200,OK,bzm - Concurrency Thread Group 1-166,text,true,,43912,376,376,673323,0
1530293399822,673479,obtenerEncuesta,200,OK,bzm - Concurrency Thread Group 1-165,text,true,,43906,375,375,673475,0
1530293399837,673715,obtenerEncuesta,200,OK,bzm - Concurrency Thread Group 1-168,text,true,,43915,374,374,673678,0
1530293399852,685245,obtenerEncuesta,200,OK,bzm - Concurrency Thread Group 1-170,text,true,,43909,373,373,685240,0
1530293399899,692829,obtenerEncuesta,200,OK,bzm - Concurrency Thread Group 1-177,text,true,,43915,372,372,692814,0
1530293399954,693262,obtenerEncuesta,200,OK,bzm - Concurrency Thread Group 1-183,text,true,,43909,371,371,693240,0
1530293399903,699714,obtenerEncuesta,200,OK,bzm - Concurrency Thread Group 1-174,text,true,,43906,370,370,699656,0
1530293399897,699779,obtenerEncuesta,200,OK,bzm - Concurrency Thread Group 1-176,text,true,,43918,369,369,699738,0
1530293399934,700033,obtenerEncuesta,200,OK,bzm - Concurrency Thread Group 1-181,text,true,,43909,368,368,700025,0
1530293399847,707022,obtenerEncuesta,200,OK,bzm - Concurrency Thread Group 1-169,text,true,,43912,367,367,707004,0
1530293399900,707128,obtenerEncuesta,200,OK,bzm - Concurrency Thread Group 1-175,text,true,,43909,366,366,707105,0
1530293399937,718860,obtenerEncuesta,200,OK,bzm - Concurrency Thread Group 1-180,text,true,,43906,365,365,718850,0
1530293400045,726117,obtenerEncuesta,200,OK,bzm - Concurrency Thread Group 1-191,text,true,,43912,364,364,726083,0
1530293399874,726426,obtenerEncuesta,200,OK,bzm - Concurrency Thread Group 1-171,text,true,,43909,363,363,726398,0
1530293399893,727099,obtenerEncuesta,200,OK,bzm - Concurrency Thread Group 1-172,text,true,,43906,362,362,727097,0
1530293399920,727530,obtenerEncuesta,200,OK,bzm - Concurrency Thread Group 1-178,text,true,,43912,361,361,727514,0
1530293399909,727838,obtenerEncuesta,200,OK,bzm - Concurrency Thread Group 1-173,text,true,,43915,360,360,727831,0
1530293399930,727975,obtenerEncuesta,200,OK,bzm - Concurrency Thread Group 1-179,text,true,,43915,359,359,727965,0
1530293399984,727925,obtenerEncuesta,200,OK,bzm - Concurrency Thread Group 1-186,text,true,,43906,358,358,727915,0
1530293400119,734087,obtenerEncuesta,200,OK,bzm - Concurrency Thread Group 1-199,text,true,,43903,357,357,734073,0
1530293400105,734481,obtenerEncuesta,200,OK,bzm - Concurrency Thread Group 1-198,text,true,,43909,356,356,734479,0
1530293399951,735493,obtenerEncuesta,200,OK,bzm - Concurrency Thread Group 1-182,text,true,,43906,355,355,735492,0
1530293399993,735943,obtenerEncuesta,200,OK,bzm - Concurrency Thread Group 1-187,text,true,,43912,354,354,735943,0
1530293400046,736182,obtenerEncuesta,200,OK,bzm - Concurrency Thread Group 1-192,text,true,,43906,353,353,736154,0
1530293399990,745095,obtenerEncuesta,200,OK,bzm - Concurrency Thread Group 1-185,text,true,,43906,352,352,745078,0
1530293399959,746155,obtenerEncuesta,200,OK,bzm - Concurrency Thread Group 1-184,text,true,,43909,351,351,746108,0
1530293400079,746037,obtenerEncuesta,200,OK,bzm - Concurrency Thread Group 1-195,text,true,,43909,351,351,746004,0
1530293400096,746076,obtenerEncuesta,200,OK,bzm - Concurrency Thread Group 1-196,text,true,,43918,349,349,746015,0
1530293400023,746441,obtenerEncuesta,200,OK,bzm - Concurrency Thread Group 1-190,text,true,,43918,348,348,746436,0
1530293400028,752459,obtenerEncuesta,200,OK,bzm - Concurrency Thread Group 1-189,text,true,,43903,347,347,752459,0
1530293400071,753750,obtenerEncuesta,200,OK,bzm - Concurrency Thread Group 1-194,text,true,,43909,346,346,753749,0
1530293400009,754637,obtenerEncuesta,200,OK,bzm - Concurrency Thread Group 1-188,text,true,,43909,345,345,754637,0
1530293400094,754600,obtenerEncuesta,200,OK,bzm - Concurrency Thread Group 1-197,text,true,,43906,344,344,754591,0
1530293400059,755083,obtenerEncuesta,200,OK,bzm - Concurrency Thread Group 1-193,text,true,,43918,343,343,755083,0
1530293412415,743357,obtenerEncuesta,200,OK,bzm - Concurrency Thread Group 1-205,text,true,,43907,342,342,743356,0
1530293400122,755750,obtenerEncuesta,200,OK,bzm - Concurrency Thread Group 1-200,text,true,,43904,341,341,755749,0
1530293412448,743650,obtenerEncuesta,200,OK,bzm - Concurrency Thread Group 1-201,text,true,,43907,340,340,743649,0
1530293412451,743656,obtenerEncuesta,200,OK,bzm - Concurrency Thread Group 1-250,text,true,,43913,339,339,743656,0
1530293412454,758568,obtenerEncuesta,200,OK,bzm - Concurrency Thread Group 1-207,text,true,,43925,338,338,758561,0
1530293412505,786487,obtenerEncuesta,200,OK,bzm - Concurrency Thread Group 1-245,text,true,,43917,337,337,786472,0
1530293412476,792522,obtenerEncuesta,200,OK,bzm - Concurrency Thread Group 1-208,text,true,,43910,336,336,792508,0
1530293412460,800101,obtenerEncuesta,200,OK,bzm - Concurrency Thread Group 1-248,text,true,,43914,335,335,800087,0
1530293412516,800164,obtenerEncuesta,200,OK,bzm - Concurrency Thread Group 1-242,text,true,,43908,334,334,800163,0
1530293412435,800284,obtenerEncuesta,200,OK,bzm - Concurrency Thread Group 1-204,text,true,,43904,333,333,800284,0
1530293412556,800167,obtenerEncuesta,200,OK,bzm - Concurrency Thread Group 1-234,text,true,,43914,332,332,800167,0
1530293412541,800207,obtenerEncuesta,200,OK,bzm - Concurrency Thread Group 1-239,text,true,,43920,331,331,800206,0
1530293412512,805980,obtenerEncuesta,200,OK,bzm - Concurrency Thread Group 1-241,text,true,,43914,330,330,805979,0
1530293412474,806842,obtenerEncuesta,200,OK,bzm - Concurrency Thread Group 1-246,text,true,,43914,329,329,806841,0
1530293412464,806883,obtenerEncuesta,200,OK,bzm - Concurrency Thread Group 1-249,text,true,,43911,328,328,806883,0
1530293412456,806910,obtenerEncuesta,200,OK,bzm - Concurrency Thread Group 1-247,text,true,,43911,327,327,806908,0
1530293412452,806937,obtenerEncuesta,200,OK,bzm - Concurrency Thread Group 1-206,text,true,,43904,326,326,806933,0
1530293412512,808009,obtenerEncuesta,200,OK,bzm - Concurrency Thread Group 1-243,text,true,,43917,325,325,808007,0
1530293412548,816476,obtenerEncuesta,200,OK,bzm - Concurrency Thread Group 1-238,text,true,,43911,324,324,816467,0
1530293412533,816606,obtenerEncuesta,200,OK,bzm - Concurrency Thread Group 1-240,text,true,,43905,323,323,816606,0
1530293412452,817107,obtenerEncuesta,200,OK,bzm - Concurrency Thread Group 1-203,text,true,,43910,322,322,817107,0
1530293412385,817207,obtenerEncuesta,200,OK,bzm - Concurrency Thread Group 1-202,text,true,,43913,321,321,817206,0
1530293412572,819425,obtenerEncuesta,200,OK,bzm - Concurrency Thread Group 1-228,text,true,,43914,320,320,819420,0
1530293412601,820810,obtenerEncuesta,200,OK,bzm - Concurrency Thread Group 1-213,text,true,,43915,319,319,820809,0
1530293412579,823469,obtenerEncuesta,200,OK,bzm - Concurrency Thread Group 1-226,text,true,,43905,318,318,823469,0
1530293412552,823973,obtenerEncuesta,200,OK,bzm - Concurrency Thread Group 1-236,text,true,,43911,317,317,823959,0
1530293412554,826132,obtenerEncuesta,200,OK,bzm - Concurrency Thread Group 1-209,text,true,,43908,316,316,826129,0
1530293412580,826693,obtenerEncuesta,200,OK,bzm - Concurrency Thread Group 1-225,text,true,,43908,315,315,826692,0
1530293412590,826758,obtenerEncuesta,200,OK,bzm - Concurrency Thread Group 1-220,text,true,,43903,314,314,826755,0
1530293412508,827153,obtenerEncuesta,200,OK,bzm - Concurrency Thread Group 1-244,text,true,,43914,313,313,827153,0
1530293412596,828620,obtenerEncuesta,200,OK,bzm - Concurrency Thread Group 1-218,text,true,,43915,312,312,828620,0
1530293412606,844303,obtenerEncuesta,200,OK,bzm - Concurrency Thread Group 1-211,text,true,,43909,311,311,844294,0
1530293412599,863387,obtenerEncuesta,200,OK,bzm - Concurrency Thread Group 1-217,text,true,,43915,310,310,863387,0
1530293412616,875208,obtenerEncuesta,200,OK,bzm - Concurrency Thread Group 1-214,text,true,,43915,309,309,875206,0
1530293424739,863924,obtenerEncuesta,200,OK,bzm - Concurrency Thread Group 1-299,text,true,,43904,308,308,863923,0
1530293435968,860530,obtenerEncuesta,200,OK,bzm - Concurrency Thread Group 1-302,text,true,,43910,307,307,860529,0
1530293424403,907809,obtenerEncuesta,200,OK,bzm - Concurrency Thread Group 1-258,text,true,,43906,306,306,907756,0
1530293435777,896523,obtenerEncuesta,200,OK,bzm - Concurrency Thread Group 1-301,text,true,,43913,305,305,896486,0
1530293424732,912225,obtenerEncuesta,200,OK,bzm - Concurrency Thread Group 1-297,text,true,,43909,304,304,912173,0
1530293435974,901386,obtenerEncuesta,200,OK,bzm - Concurrency Thread Group 1-332,text,true,,43925,303,303,901385,0
1530293424682,919034,obtenerEncuesta,200,OK,bzm - Concurrency Thread Group 1-292,text,true,,43906,302,302,918993,0
1530293412570,941787,obtenerEncuesta,200,OK,bzm - Concurrency Thread Group 1-229,text,true,,43905,301,301,941724,0
1530293424426,930184,obtenerEncuesta,200,OK,bzm - Concurrency Thread Group 1-260,text,true,,43906,300,300,930151,0
1530293424734,941446,obtenerEncuesta,200,OK,bzm - Concurrency Thread Group 1-298,text,true,,43903,299,299,941421,0
1530293424659,941857,obtenerEncuesta,200,OK,bzm - Concurrency Thread Group 1-289,text,true,,43903,298,298,941830,0
1530293412592,958824,obtenerEncuesta,200,OK,bzm - Concurrency Thread Group 1-219,text,true,,43906,297,297,958822,0
1530293412601,970707,obtenerEncuesta,200,OK,bzm - Concurrency Thread Group 1-215,text,true,,43909,296,296,970687,0
1530293424702,958617,obtenerEncuesta,200,OK,bzm - Concurrency Thread Group 1-294,text,true,,43909,295,295,958617,0
1530293424607,958837,obtenerEncuesta,200,OK,bzm - Concurrency Thread Group 1-276,text,true,,43909,294,294,958813,0
1530293435972,947552,obtenerEncuesta,200,OK,bzm - Concurrency Thread Group 1-350,text,true,,43907,293,293,947517,0
1530293412561,971331,obtenerEncuesta,200,OK,bzm - Concurrency Thread Group 1-210,text,true,,43914,292,292,971305,0
1530293424567,959407,obtenerEncuesta,200,OK,bzm - Concurrency Thread Group 1-275,text,true,,43915,291,291,959390,0
1530293412586,971504,obtenerEncuesta,200,OK,bzm - Concurrency Thread Group 1-221,text,true,,43909,290,290,971503,0
1530293424497,965061,obtenerEncuesta,200,OK,bzm - Concurrency Thread Group 1-267,text,true,,43900,289,289,965060,0
1530293424336,965638,obtenerEncuesta,200,OK,bzm - Concurrency Thread Group 1-251,text,true,,43912,288,288,965636,0
1530293424417,965686,obtenerEncuesta,200,OK,bzm - Concurrency Thread Group 1-259,text,true,,43909,287,287,965683,0
1530293412567,977706,obtenerEncuesta,200,OK,bzm - Concurrency Thread Group 1-232,text,true,,43914,286,286,977639,0
1530293435958,954323,obtenerEncuesta,200,OK,bzm - Concurrency Thread Group 1-306,text,true,,43904,285,285,954257,0
1530293424723,965629,obtenerEncuesta,200,OK,bzm - Concurrency Thread Group 1-296,text,true,,43918,284,284,965525,0
1530293435980,955893,obtenerEncuesta,200,OK,bzm - Concurrency Thread Group 1-340,text,true,,43914,283,283,955880,0
1530293412576,980257,obtenerEncuesta,200,OK,bzm - Concurrency Thread Group 1-227,text,true,,43905,282,282,980247,0
1530293424515,968580,obtenerEncuesta,200,OK,bzm - Concurrency Thread Group 1-268,text,true,,43915,281,281,968580,0
1530293424618,968566,obtenerEncuesta,200,OK,bzm - Concurrency Thread Group 1-277,text,true,,43906,280,280,968561,0
1530293424614,974338,obtenerEncuesta,200,OK,bzm - Concurrency Thread Group 1-282,text,true,,43909,279,279,974325,0
1530293424348,975457,obtenerEncuesta,200,OK,bzm - Concurrency Thread Group 1-253,text,true,,43906,278,278,975457,0
1530293412608,987333,obtenerEncuesta,200,OK,bzm - Concurrency Thread Group 1-230,text,true,,43909,277,277,987332,0
1530293424622,975432,obtenerEncuesta,200,OK,bzm - Concurrency Thread Group 1-284,text,true,,43909,276,276,975430,0
1530293435975,964574,obtenerEncuesta,200,OK,bzm - Concurrency Thread Group 1-343,text,true,,43910,275,275,964568,0
1530293412551,988428,obtenerEncuesta,200,OK,bzm - Concurrency Thread Group 1-237,text,true,,43911,274,274,988428,0
1530293424483,976621,obtenerEncuesta,200,OK,bzm - Concurrency Thread Group 1-265,text,true,,43906,273,273,976620,0
1530293424648,977432,obtenerEncuesta,200,OK,bzm - Concurrency Thread Group 1-288,text,true,,43909,272,272,977430,0
1530293424491,977594,obtenerEncuesta,200,OK,bzm - Concurrency Thread Group 1-266,text,true,,43906,272,272,977594,0
1530293424398,977771,obtenerEncuesta,200,OK,bzm - Concurrency Thread Group 1-257,text,true,,43912,270,270,977771,0
1530293424340,1021751,obtenerEncuesta,200,OK,bzm - Concurrency Thread Group 1-252,text,true,,43918,269,269,1021750,0
1530293424397,1027298,obtenerEncuesta,200,OK,bzm - Concurrency Thread Group 1-256,text,true,,43909,268,268,1027282,0
1530293424691,1034220,obtenerEncuesta,200,OK,bzm - Concurrency Thread Group 1-293,text,true,,43918,267,267,1034220,0
1530293424725,1035297,obtenerEncuesta,200,OK,bzm - Concurrency Thread Group 1-300,text,true,,43906,266,266,1035296,0
1530293424627,1035421,obtenerEncuesta,200,OK,bzm - Concurrency Thread Group 1-285,text,true,,43906,265,265,1035419,0
1530293412555,1047526,obtenerEncuesta,200,OK,bzm - Concurrency Thread Group 1-235,text,true,,43908,264,264,1047515,0
1530293424559,1035979,obtenerEncuesta,200,OK,bzm - Concurrency Thread Group 1-274,text,true,,43918,263,263,1035979,0
1530293424548,1045334,obtenerEncuesta,200,OK,bzm - Concurrency Thread Group 1-272,text,true,,43909,262,262,1045329,0
1530293424494,1049278,obtenerEncuesta,200,OK,bzm - Concurrency Thread Group 1-263,text,true,,43912,261,261,1049277,0
1530293424394,1054282,obtenerEncuesta,200,OK,bzm - Concurrency Thread Group 1-255,text,true,,43903,260,260,1054281,0
1530293424553,1061598,obtenerEncuesta,200,OK,bzm - Concurrency Thread Group 1-273,text,true,,43906,259,259,1061589,0
1530293424610,1062506,obtenerEncuesta,200,OK,bzm - Concurrency Thread Group 1-280,text,true,,43906,258,258,1062469,0
1530293412611,1074962,obtenerEncuesta,200,OK,bzm - Concurrency Thread Group 1-223,text,true,,43914,257,257,1074937,0
1530293424641,1069250,obtenerEncuesta,200,OK,bzm - Concurrency Thread Group 1-286,text,true,,43906,256,256,1069250,0
1530293424444,1069683,obtenerEncuesta,200,OK,bzm - Concurrency Thread Group 1-262,text,true,,43912,255,255,1069683,0
1530293412562,1081590,obtenerEncuesta,200,OK,bzm - Concurrency Thread Group 1-231,text,true,,43908,254,254,1081588,0
1530293412582,1088071,obtenerEncuesta,200,OK,bzm - Concurrency Thread Group 1-224,text,true,,43908,253,253,1088065,0
1530293424434,1084822,obtenerEncuesta,200,OK,bzm - Concurrency Thread Group 1-261,text,true,,43903,252,252,1084798,0
1530293412604,1097633,obtenerEncuesta,200,OK,bzm - Concurrency Thread Group 1-212,text,true,,43909,251,251,1097616,0
1530293424666,1085785,obtenerEncuesta,200,OK,bzm - Concurrency Thread Group 1-291,text,true,,43912,250,250,1085785,0
1530293424665,1085808,obtenerEncuesta,200,OK,bzm - Concurrency Thread Group 1-290,text,true,,43918,249,249,1085801,0
1530293424538,1085962,obtenerEncuesta,200,OK,bzm - Concurrency Thread Group 1-271,text,true,,43906,248,248,1085957,0
1530293424710,1085825,obtenerEncuesta,200,OK,bzm - Concurrency Thread Group 1-295,text,true,,43909,247,247,1085820,0
1530293424602,1085952,obtenerEncuesta,200,OK,bzm - Concurrency Thread Group 1-278,text,true,,43915,246,246,1085951,0
1530293424522,1086051,obtenerEncuesta,200,OK,bzm - Concurrency Thread Group 1-269,text,true,,43912,245,245,1086046,0
1530293424605,1086013,obtenerEncuesta,200,OK,bzm - Concurrency Thread Group 1-279,text,true,,43912,244,244,1086010,0
1530293424609,1086087,obtenerEncuesta,200,OK,bzm - Concurrency Thread Group 1-281,text,true,,43915,243,243,1086076,0
1530293412610,1108398,obtenerEncuesta,200,OK,bzm - Concurrency Thread Group 1-222,text,true,,43911,242,242,1108392,0
1530293412564,1109547,obtenerEncuesta,200,OK,bzm - Concurrency Thread Group 1-233,text,true,,43908,241,241,1109547,0
1530293424467,1108614,obtenerEncuesta,200,OK,bzm - Concurrency Thread Group 1-264,text,true,,43912,240,240,1108600,0
1530293424621,1108570,obtenerEncuesta,200,OK,bzm - Concurrency Thread Group 1-283,text,true,,43909,239,239,1108570,0
1530293424640,1115121,obtenerEncuesta,200,OK,bzm - Concurrency Thread Group 1-287,text,true,,43912,238,238,1115115,0
1530293424375,1115913,obtenerEncuesta,200,OK,bzm - Concurrency Thread Group 1-254,text,true,,43912,237,237,1115911,0
1530293424532,1116232,obtenerEncuesta,200,OK,bzm - Concurrency Thread Group 1-270,text,true,,43909,236,236,1116226,0
1530293435981,1105714,obtenerEncuesta,200,OK,bzm - Concurrency Thread Group 1-341,text,true,,43911,235,235,1105712,0
1530293435985,1113464,obtenerEncuesta,200,OK,bzm - Concurrency Thread Group 1-335,text,true,,43914,234,234,1113463,0
1530293435982,1114334,obtenerEncuesta,200,OK,bzm - Concurrency Thread Group 1-339,text,true,,43911,233,233,1114334,0
1530293435987,1122843,obtenerEncuesta,200,OK,bzm - Concurrency Thread Group 1-337,text,true,,43914,232,232,1122843,0
1530293435989,1141465,obtenerEncuesta,200,OK,bzm - Concurrency Thread Group 1-333,text,true,,43911,231,231,1141462,0
1530293435993,1147855,obtenerEncuesta,200,OK,bzm - Concurrency Thread Group 1-326,text,true,,43908,230,230,1147854,0
1530293435988,1148008,obtenerEncuesta,200,OK,bzm - Concurrency Thread Group 1-347,text,true,,43913,229,229,1148006,0
1530293435992,1153868,obtenerEncuesta,200,OK,bzm - Concurrency Thread Group 1-349,text,true,,43914,228,228,1153867,0
1530293435995,1153999,obtenerEncuesta,200,OK,bzm - Concurrency Thread Group 1-324,text,true,,43905,227,227,1153998,0
1530293435990,1154019,obtenerEncuesta,200,OK,bzm - Concurrency Thread Group 1-330,text,true,,43911,226,226,1154015,0
1530293436015,1155312,obtenerEncuesta,200,OK,bzm - Concurrency Thread Group 1-304,text,true,,43909,225,225,1155311,0
1530293435996,1161050,obtenerEncuesta,200,OK,bzm - Concurrency Thread Group 1-322,text,true,,43905,224,224,1161042,0
1530293436000,1163849,obtenerEncuesta,200,OK,bzm - Concurrency Thread Group 1-321,text,true,,43905,223,223,1163843,0
1530293436010,1165228,obtenerEncuesta,200,OK,bzm - Concurrency Thread Group 1-318,text,true,,43915,222,222,1165217,0
1530293436008,1165352,obtenerEncuesta,200,OK,bzm - Concurrency Thread Group 1-319,text,true,,43906,221,221,1165351,0
1530293436014,1165421,obtenerEncuesta,200,OK,bzm - Concurrency Thread Group 1-303,text,true,,43909,220,220,1165421,0
1530293436014,1165949,obtenerEncuesta,200,OK,bzm - Concurrency Thread Group 1-315,text,true,,43906,219,219,1165949,0
1530293436013,1166102,obtenerEncuesta,200,OK,bzm - Concurrency Thread Group 1-305,text,true,,43915,218,218,1166100,0
1530293436001,1167356,obtenerEncuesta,200,OK,bzm - Concurrency Thread Group 1-348,text,true,,43908,217,217,1167353,0
1530293436012,1167911,obtenerEncuesta,200,OK,bzm - Concurrency Thread Group 1-313,text,true,,43915,216,216,1167911,0
1530293436016,1168030,obtenerEncuesta,200,OK,bzm - Concurrency Thread Group 1-307,text,true,,43909,215,215,1168030,0
1530293435991,1170701,obtenerEncuesta,200,OK,bzm - Concurrency Thread Group 1-329,text,true,,43908,214,214,1170701,0
1530293435992,1179187,obtenerEncuesta,200,OK,bzm - Concurrency Thread Group 1-328,text,true,,43914,213,213,1179186,0
1530293436009,1187008,obtenerEncuesta,200,OK,bzm - Concurrency Thread Group 1-311,text,true,,43915,212,212,1187003,0
1530293436003,1188429,obtenerEncuesta,200,OK,bzm - Concurrency Thread Group 1-320,text,true,,43909,211,211,1187944,0
1530293436001,1189384,obtenerEncuesta,200,OK,bzm - Concurrency Thread Group 1-346,text,true,,43904,210,210,1189382,0
1530293436003,1190924,obtenerEncuesta,200,OK,bzm - Concurrency Thread Group 1-312,text,true,,43911,209,209,1190923,0
1530293435990,1191819,obtenerEncuesta,200,OK,bzm - Concurrency Thread Group 1-331,text,true,,43911,208,208,1191818,0
1530293436004,1192970,obtenerEncuesta,200,OK,bzm - Concurrency Thread Group 1-323,text,true,,43914,207,207,1192969,0
1530293435985,1202847,obtenerEncuesta,200,OK,bzm - Concurrency Thread Group 1-345,text,true,,43905,206,206,1202847,0
1530293435992,1208313,obtenerEncuesta,200,OK,bzm - Concurrency Thread Group 1-344,text,true,,43917,205,205,1208312,0
1530293436004,1230856,obtenerEncuesta,200,OK,bzm - Concurrency Thread Group 1-310,text,true,,43903,204,204,1230855,0
1530293435994,1232978,obtenerEncuesta,200,OK,bzm - Concurrency Thread Group 1-325,text,true,,43914,203,203,1232974,0
1530293436002,1248507,obtenerEncuesta,200,OK,bzm - Concurrency Thread Group 1-317,text,true,,43914,202,202,1248501,0
1530293436002,1254108,obtenerEncuesta,200,OK,bzm - Concurrency Thread Group 1-316,text,true,,43908,201,201,1254101,0
1530293435983,1267235,obtenerEncuesta,200,OK,bzm - Concurrency Thread Group 1-338,text,true,,43914,200,200,1267171,0
1530293436011,1267425,obtenerEncuesta,200,OK,bzm - Concurrency Thread Group 1-314,text,true,,43909,199,199,1267407,0
1530293435984,1273846,obtenerEncuesta,200,OK,bzm - Concurrency Thread Group 1-342,text,true,,43917,198,198,1273846,0
1530293447957,1288711,obtenerEncuesta,200,OK,bzm - Concurrency Thread Group 1-368,text,true,,43909,197,197,1288643,0
1530293447975,1288779,obtenerEncuesta,200,OK,bzm - Concurrency Thread Group 1-373,text,true,,43906,196,196,1288716,0
1530293436001,1300992,obtenerEncuesta,200,OK,bzm - Concurrency Thread Group 1-308,text,true,,43908,195,195,1300978,0
1530293435992,1301119,obtenerEncuesta,200,OK,bzm - Concurrency Thread Group 1-327,text,true,,43908,194,194,1301119,0
1530293447980,1289176,obtenerEncuesta,200,OK,bzm - Concurrency Thread Group 1-372,text,true,,43906,193,193,1289111,0
1530293448068,1289300,obtenerEncuesta,200,OK,bzm - Concurrency Thread Group 1-392,text,true,,43918,192,192,1289256,0
1530293460368,1277006,obtenerEncuesta,200,OK,bzm - Concurrency Thread Group 1-436,text,true,,43911,191,191,1276975,0
1530293435988,1307308,obtenerEncuesta,200,OK,bzm - Concurrency Thread Group 1-334,text,true,,43920,190,190,1307266,0
1530293462371,1281007,completarEncuestaPreInscripcion,200,OK,bzm - Concurrency Thread Group 1-38,,true,,450,189,189,1281007,0
1530293448057,1295327,obtenerEncuesta,200,OK,bzm - Concurrency Thread Group 1-390,text,true,,43918,188,188,1295325,0
1530293447923,1296399,obtenerEncuesta,200,OK,bzm - Concurrency Thread Group 1-351,text,true,,43912,187,187,1296360,0
1530293447960,1304406,obtenerEncuesta,200,OK,bzm - Concurrency Thread Group 1-363,text,true,,43912,186,186,1304406,0
1530293448051,1305534,obtenerEncuesta,200,OK,bzm - Concurrency Thread Group 1-387,text,true,,43906,185,185,1305507,0
1530293460363,1293470,obtenerEncuesta,200,OK,bzm - Concurrency Thread Group 1-406,text,true,,43911,184,184,1293448,0
1530293447965,1305963,obtenerEncuesta,200,OK,bzm - Concurrency Thread Group 1-358,text,true,,43915,183,183,1305962,0
1530293448041,1305914,obtenerEncuesta,200,OK,bzm - Concurrency Thread Group 1-384,text,true,,43909,182,182,1305914,0
1530293447963,1306333,obtenerEncuesta,200,OK,bzm - Concurrency Thread Group 1-366,text,true,,43906,181,181,1306332,0
1530293447994,1306321,obtenerEncuesta,200,OK,bzm - Concurrency Thread Group 1-377,text,true,,43915,180,180,1306320,0
1530293448079,1306239,obtenerEncuesta,200,OK,bzm - Concurrency Thread Group 1-397,text,true,,43906,179,179,1306228,0
1530293447962,1312536,obtenerEncuesta,200,OK,bzm - Concurrency Thread Group 1-364,text,true,,43906,178,178,1312526,0
1530293460260,1300347,obtenerEncuesta,200,OK,bzm - Concurrency Thread Group 1-404,text,true,,43910,177,177,1300347,0
1530293448061,1312687,obtenerEncuesta,200,OK,bzm - Concurrency Thread Group 1-391,text,true,,43912,176,176,1312682,0
1530293447930,1312873,obtenerEncuesta,200,OK,bzm - Concurrency Thread Group 1-355,text,true,,43903,175,175,1312873,0
1530293460142,1300804,obtenerEncuesta,200,OK,bzm - Concurrency Thread Group 1-402,text,true,,43913,174,174,1300803,0
1530293460302,1300658,obtenerEncuesta,200,OK,bzm - Concurrency Thread Group 1-411,text,true,,43907,173,173,1300655,0
1530293460369,1300831,obtenerEncuesta,200,OK,bzm - Concurrency Thread Group 1-433,text,true,,43908,172,172,1300822,0
1530293447926,1313328,obtenerEncuesta,200,OK,bzm - Concurrency Thread Group 1-352,text,true,,43918,171,171,1313317,0
1530293447990,1352780,obtenerEncuesta,200,OK,bzm - Concurrency Thread Group 1-376,text,true,,43909,170,170,1352772,0
1530293448085,1354823,obtenerEncuesta,200,OK,bzm - Concurrency Thread Group 1-399,text,true,,43903,169,169,1354822,0
1530293448072,1368689,obtenerEncuesta,200,OK,bzm - Concurrency Thread Group 1-395,text,true,,43909,168,168,1368683,0
1530293460363,1356402,obtenerEncuesta,200,OK,bzm - Concurrency Thread Group 1-428,text,true,,43911,167,167,1356395,0
1530293447955,1368832,obtenerEncuesta,200,OK,bzm - Concurrency Thread Group 1-360,text,true,,43912,166,166,1368832,0
1530293462307,1354636,completarEncuestaPreInscripcion,200,OK,bzm - Concurrency Thread Group 1-21,,true,,450,165,165,1354636,0
1530293448015,1369017,obtenerEncuesta,200,OK,bzm - Concurrency Thread Group 1-382,text,true,,43906,164,164,1369014,0
1530293448024,1377805,obtenerEncuesta,200,OK,bzm - Concurrency Thread Group 1-380,text,true,,43906,163,163,1377803,0
1530293460332,1365515,obtenerEncuesta,200,OK,bzm - Concurrency Thread Group 1-438,text,true,,43913,162,162,1365514,0
1530293447966,1377901,obtenerEncuesta,200,OK,bzm - Concurrency Thread Group 1-367,text,true,,43909,161,161,1377901,0
1530293448035,1377888,obtenerEncuesta,200,OK,bzm - Concurrency Thread Group 1-385,text,true,,43909,160,160,1377888,0
1530293448065,1386135,obtenerEncuesta,200,OK,bzm - Concurrency Thread Group 1-393,text,true,,43906,159,159,1386133,0
1530293460375,1376902,obtenerEncuesta,200,OK,bzm - Concurrency Thread Group 1-437,text,true,,43908,158,158,1376901,0
1530293460348,1378203,obtenerEncuesta,200,OK,bzm - Concurrency Thread Group 1-448,text,true,,43911,157,157,1378203,0
1530293447958,1392940,obtenerEncuesta,200,OK,bzm - Concurrency Thread Group 1-362,text,true,,43906,156,156,1392932,0
1530293447959,1393351,obtenerEncuesta,200,OK,bzm - Concurrency Thread Group 1-369,text,true,,43903,155,155,1393344,0
1530293447966,1394395,obtenerEncuesta,200,OK,bzm - Concurrency Thread Group 1-357,text,true,,43912,154,154,1394395,0
1530293448042,1394414,obtenerEncuesta,200,OK,bzm - Concurrency Thread Group 1-383,text,true,,43906,153,153,1394414,0
1530293462320,1380275,completarEncuestaPreInscripcion,200,OK,bzm - Concurrency Thread Group 1-30,,true,,450,152,152,1380275,0
1530293460403,1386245,obtenerEncuesta,200,OK,bzm - Concurrency Thread Group 1-420,text,true,,43915,151,151,1386227,0
1530293447960,1406765,obtenerEncuesta,200,OK,bzm - Concurrency Thread Group 1-370,text,true,,43912,150,150,1406759,0
1530293460402,1394739,obtenerEncuesta,200,OK,bzm - Concurrency Thread Group 1-418,text,true,,43906,149,149,1394733,0
1530293460376,1395487,obtenerEncuesta,200,OK,bzm - Concurrency Thread Group 1-430,text,true,,43908,148,148,1395486,0
1530293448075,1407813,obtenerEncuesta,200,OK,bzm - Concurrency Thread Group 1-396,text,true,,43918,147,147,1407813,0
1530293460390,1395717,obtenerEncuesta,200,OK,bzm - Concurrency Thread Group 1-429,text,true,,43908,146,146,1395714,0
1530293460378,1395734,obtenerEncuesta,200,OK,bzm - Concurrency Thread Group 1-408,text,true,,43914,146,146,1395727,0
1530293447990,1408143,obtenerEncuesta,200,OK,bzm - Concurrency Thread Group 1-375,text,true,,43915,144,144,1408138,0
1530293460350,1419306,obtenerEncuesta,200,OK,bzm - Concurrency Thread Group 1-447,text,true,,43911,143,143,1419305,0
1530293448050,1443990,obtenerEncuesta,200,OK,bzm - Concurrency Thread Group 1-388,text,true,,43909,142,142,1443973,0
1530293460384,1444592,obtenerEncuesta,200,OK,bzm - Concurrency Thread Group 1-409,text,true,,43905,141,141,1444588,0
1530293460409,1450088,obtenerEncuesta,200,OK,bzm - Concurrency Thread Group 1-427,text,true,,43915,140,140,1450086,0
1530293460345,1455652,obtenerEncuesta,200,OK,bzm - Concurrency Thread Group 1-450,text,true,,43910,139,139,1455649,0
1530293460353,1455688,obtenerEncuesta,200,OK,bzm - Concurrency Thread Group 1-443,text,true,,43914,138,138,1455681,0
1530293460352,1460481,obtenerEncuesta,200,OK,bzm - Concurrency Thread Group 1-444,text,true,,43914,137,137,1460478,0
1530293448052,1472821,obtenerEncuesta,200,OK,bzm - Concurrency Thread Group 1-386,text,true,,43912,136,136,1472821,0
1530293447963,1473061,obtenerEncuesta,200,OK,bzm - Concurrency Thread Group 1-359,text,true,,43912,135,135,1473055,0
1530293460398,1460906,obtenerEncuesta,200,OK,bzm - Concurrency Thread Group 1-416,text,true,,43911,134,134,1460905,0
1530293435956,1485380,obtenerEncuesta,200,OK,bzm - Concurrency Thread Group 1-309,text,true,,43907,133,133,1485379,0
1530293447957,1474140,obtenerEncuesta,200,OK,bzm - Concurrency Thread Group 1-361,text,true,,43906,132,132,1474133,0
1530293447930,1474495,obtenerEncuesta,200,OK,bzm - Concurrency Thread Group 1-354,text,true,,43912,131,131,1474493,0
1530293447965,1474727,obtenerEncuesta,200,OK,bzm - Concurrency Thread Group 1-365,text,true,,43900,130,130,1474725,0
1530293448011,1474748,obtenerEncuesta,200,OK,bzm - Concurrency Thread Group 1-381,text,true,,43909,129,129,1474747,0
1530293460391,1462433,obtenerEncuesta,200,OK,bzm - Concurrency Thread Group 1-426,text,true,,43908,128,128,1462433,0
1530293447926,1474902,obtenerEncuesta,200,OK,bzm - Concurrency Thread Group 1-353,text,true,,43906,127,127,1474902,0
1530293460371,1464494,obtenerEncuesta,200,OK,bzm - Concurrency Thread Group 1-434,text,true,,43914,126,126,1464494,0
1530293460257,1465840,obtenerEncuesta,200,OK,bzm - Concurrency Thread Group 1-407,text,true,,43907,125,125,1465838,0
1530293460386,1467160,obtenerEncuesta,200,OK,bzm - Concurrency Thread Group 1-412,text,true,,43914,124,124,1467159,0
1530293447985,1483747,obtenerEncuesta,200,OK,bzm - Concurrency Thread Group 1-374,text,true,,43918,123,123,1483746,0
1530293448068,1491001,obtenerEncuesta,200,OK,bzm - Concurrency Thread Group 1-394,text,true,,43909,122,122,1490995,0
1530293460413,1480235,obtenerEncuesta,200,OK,bzm - Concurrency Thread Group 1-432,text,true,,43909,121,121,1480231,0
1530293460408,1480257,obtenerEncuesta,200,OK,bzm - Concurrency Thread Group 1-425,text,true,,43909,120,120,1480254,0
1530293447974,1494111,obtenerEncuesta,200,OK,bzm - Concurrency Thread Group 1-371,text,true,,43909,119,119,1494109,0
1530293460396,1482915,obtenerEncuesta,200,OK,bzm - Concurrency Thread Group 1-423,text,true,,43914,118,118,1482914,0
1530293448082,1495301,obtenerEncuesta,200,OK,bzm - Concurrency Thread Group 1-398,text,true,,43909,117,117,1495301,0
1530293448055,1525014,obtenerEncuesta,200,OK,bzm - Concurrency Thread Group 1-389,text,true,,43903,116,116,1525013,0
1530293435995,1537366,obtenerEncuesta,200,OK,bzm - Concurrency Thread Group 1-336,text,true,,43908,115,115,1537365,0
1530293460387,1522825,obtenerEncuesta,200,OK,bzm - Concurrency Thread Group 1-413,text,true,,43905,114,114,1522825,0
1530293460400,1531622,obtenerEncuesta,200,OK,bzm - Concurrency Thread Group 1-419,text,true,,43903,113,113,1531620,0
1530293448089,1545196,obtenerEncuesta,200,OK,bzm - Concurrency Thread Group 1-400,text,true,,43904,112,112,1545195,0
1530293458025,1541809,completarEncuestaPreInscripcion,200,OK,bzm - Concurrency Thread Group 1-25,,true,,450,111,111,1541809,0
1530293448003,1551923,obtenerEncuesta,200,OK,bzm - Concurrency Thread Group 1-378,text,true,,43912,110,110,1551922,0
1530293460399,1569320,obtenerEncuesta,200,OK,bzm - Concurrency Thread Group 1-424,text,true,,43909,109,109,1569310,0
1530293460370,1579211,obtenerEncuesta,200,OK,bzm - Concurrency Thread Group 1-435,text,true,,43908,108,108,1579201,0
1530293412603,1627133,obtenerEncuesta,200,OK,bzm - Concurrency Thread Group 1-216,text,true,,43908,107,107,1627114,0
1530293460412,1583843,obtenerEncuesta,200,OK,bzm - Concurrency Thread Group 1-421,text,true,,43908,106,106,1583839,0
1530293458088,1586181,completarEncuestaPreInscripcion,200,OK,bzm - Concurrency Thread Group 1-1,,true,,450,105,105,1586181,0
1530293460332,1584393,obtenerEncuesta,200,OK,bzm - Concurrency Thread Group 1-403,text,true,,43904,104,104,1584162,0
1530293460259,1595313,obtenerEncuesta,200,OK,bzm - Concurrency Thread Group 1-405,text,true,,43904,103,103,1595299,0
1530293447953,1613675,obtenerEncuesta,200,OK,bzm - Concurrency Thread Group 1-356,text,true,,43909,102,102,1613674,0
1530293460404,1606532,obtenerEncuesta,200,OK,bzm - Concurrency Thread Group 1-417,text,true,,43915,101,101,1606523,0
1530293437621,1629336,completarEncuestaPreInscripcion,200,OK,bzm - Concurrency Thread Group 1-23,,true,,450,100,100,1629336,0
1530293460354,1606707,obtenerEncuesta,200,OK,bzm - Concurrency Thread Group 1-442,text,true,,43917,99,99,1606700,0
1530293460411,1606670,obtenerEncuesta,200,OK,bzm - Concurrency Thread Group 1-422,text,true,,43917,98,98,1606663,0
1530293460335,1606797,obtenerEncuesta,200,OK,bzm - Concurrency Thread Group 1-401,text,true,,43925,97,97,1606761,0
1530293460346,1612465,obtenerEncuesta,200,OK,bzm - Concurrency Thread Group 1-449,text,true,,43914,96,96,1612457,0
1530293460355,1612558,obtenerEncuesta,200,OK,bzm - Concurrency Thread Group 1-441,text,true,,43908,95,95,1612551,0
1530293460372,1612677,obtenerEncuesta,200,OK,bzm - Concurrency Thread Group 1-431,text,true,,43914,94,94,1612674,0
1530293460362,1613110,obtenerEncuesta,200,OK,bzm - Concurrency Thread Group 1-439,text,true,,43920,93,93,1613104,0
1530293468677,1605412,completarEncuestaPreInscripcion,200,OK,bzm - Concurrency Thread Group 1-39,,true,,450,92,92,1605412,0
1530293463037,1616764,completarEncuestaPreInscripcion,200,OK,bzm - Concurrency Thread Group 1-45,,true,,450,91,91,1616764,0
1530293462408,1617682,completarEncuestaPreInscripcion,200,OK,bzm - Concurrency Thread Group 1-43,,true,,450,90,90,1617682,0
1530293460351,1619826,obtenerEncuesta,200,OK,bzm - Concurrency Thread Group 1-446,text,true,,43914,89,89,1619808,0
1530293460389,1620703,obtenerEncuesta,200,OK,bzm - Concurrency Thread Group 1-410,text,true,,43905,88,88,1620693,0
1530293460416,1621083,obtenerEncuesta,200,OK,bzm - Concurrency Thread Group 1-415,text,true,,43909,87,87,1621077,0
1530293460418,1621395,obtenerEncuesta,200,OK,bzm - Concurrency Thread Group 1-414,text,true,,43909,86,86,1621376,0
1530293472311,1609797,obtenerEncuesta,200,OK,bzm - Concurrency Thread Group 1-451,text,true,,43912,85,85,1609794,0
1530293472324,1610975,obtenerEncuesta,200,OK,bzm - Concurrency Thread Group 1-453,text,true,,43906,84,84,1610974,0
1530293472323,1611003,obtenerEncuesta,200,OK,bzm - Concurrency Thread Group 1-454,text,true,,43912,83,83,1611003,0
1530293472355,1611016,obtenerEncuesta,200,OK,bzm - Concurrency Thread Group 1-460,text,true,,43906,82,82,1611015,0
1530293460363,1623069,obtenerEncuesta,200,OK,bzm - Concurrency Thread Group 1-445,text,true,,43917,81,81,1623068,0
1530293472338,1611100,obtenerEncuesta,200,OK,bzm - Concurrency Thread Group 1-457,text,true,,43912,80,80,1611084,0
1530293472346,1611133,obtenerEncuesta,200,OK,bzm - Concurrency Thread Group 1-459,text,true,,43909,79,79,1611132,0
1530293460360,1623196,obtenerEncuesta,200,OK,bzm - Concurrency Thread Group 1-440,text,true,,43905,78,78,1623190,0
1530293448007,1635605,obtenerEncuesta,200,OK,bzm - Concurrency Thread Group 1-379,text,true,,43915,77,77,1635604,0
1530293472418,1622461,obtenerEncuesta,200,OK,bzm - Concurrency Thread Group 1-464,text,true,,43912,76,76,1622461,0
1530293472432,1629065,obtenerEncuesta,200,OK,bzm - Concurrency Thread Group 1-469,text,true,,43912,75,75,1629064,0
1530293472458,1665394,obtenerEncuesta,200,OK,bzm - Concurrency Thread Group 1-476,text,true,,43909,74,74,1665390,0
1530293472454,1665947,obtenerEncuesta,200,OK,bzm - Concurrency Thread Group 1-465,text,true,,43918,73,73,1665946,0
1530293472449,1665988,obtenerEncuesta,200,OK,bzm - Concurrency Thread Group 1-475,text,true,,43909,72,72,1665986,0
1530293472438,1666074,obtenerEncuesta,200,OK,bzm - Concurrency Thread Group 1-474,text,true,,43900,71,71,1666074,0
1530293472444,1666088,obtenerEncuesta,200,OK,bzm - Concurrency Thread Group 1-472,text,true,,43909,70,70,1666085,0
1530293472474,1672397,obtenerEncuesta,200,OK,bzm - Concurrency Thread Group 1-477,text,true,,43915,69,69,1672396,0
1530293472517,1677269,obtenerEncuesta,200,OK,bzm - Concurrency Thread Group 1-483,text,true,,43909,68,68,1677265,0
1530293472497,1677414,obtenerEncuesta,200,OK,bzm - Concurrency Thread Group 1-481,text,true,,43909,67,67,1677413,0
1530293472490,1677432,obtenerEncuesta,200,OK,bzm - Concurrency Thread Group 1-478,text,true,,43915,66,66,1677432,0
1530293472546,1677755,obtenerEncuesta,200,OK,bzm - Concurrency Thread Group 1-486,text,true,,43906,65,65,1677754,0
1530293472563,1690306,obtenerEncuesta,200,OK,bzm - Concurrency Thread Group 1-487,text,true,,43912,64,64,1690296,0
1530293472574,1705651,obtenerEncuesta,200,OK,bzm - Concurrency Thread Group 1-489,text,true,,43903,63,63,1705645,0
1530293472621,1712086,obtenerEncuesta,200,OK,bzm - Concurrency Thread Group 1-495,text,true,,43909,62,62,1712086,0
1530293472597,1712581,obtenerEncuesta,200,OK,bzm - Concurrency Thread Group 1-492,text,true,,43906,61,61,1712574,0
1530293472335,1718672,obtenerEncuesta,200,OK,bzm - Concurrency Thread Group 1-456,text,true,,43909,60,60,1718672,0
1530293472598,1719164,obtenerEncuesta,200,OK,bzm - Concurrency Thread Group 1-493,text,true,,43918,59,59,1719155,0
1530293468787,1723352,completarEncuestaPreInscripcion,200,OK,bzm - Concurrency Thread Group 1-3,,true,,450,58,58,1723352,0
1530293472650,1724422,obtenerEncuesta,200,OK,bzm - Concurrency Thread Group 1-499,text,true,,43903,57,57,1724416,0
1530293472635,1724562,obtenerEncuesta,200,OK,bzm - Concurrency Thread Group 1-497,text,true,,43906,56,56,1724552,0
1530293472414,1725055,obtenerEncuesta,200,OK,bzm - Concurrency Thread Group 1-467,text,true,,43912,55,55,1725048,0
1530293472422,1725436,obtenerEncuesta,200,OK,bzm - Concurrency Thread Group 1-466,text,true,,43906,54,54,1725431,0
1530293472398,1725977,obtenerEncuesta,200,OK,bzm - Concurrency Thread Group 1-461,text,true,,43903,53,53,1725975,0
1530293472315,1726401,obtenerEncuesta,200,OK,bzm - Concurrency Thread Group 1-452,text,true,,43918,52,52,1726394,0
1530293472326,1726484,obtenerEncuesta,200,OK,bzm - Concurrency Thread Group 1-455,text,true,,43903,51,51,1726479,0
1530293472342,1726644,obtenerEncuesta,200,OK,bzm - Concurrency Thread Group 1-458,text,true,,43906,50,50,1726635,0
1530293472436,1727076,obtenerEncuesta,200,OK,bzm - Concurrency Thread Group 1-473,text,true,,43906,49,49,1727074,0
1530293472441,1727307,obtenerEncuesta,200,OK,bzm - Concurrency Thread Group 1-471,text,true,,43915,48,48,1727306,0
1530293472453,1728116,obtenerEncuesta,200,OK,bzm - Concurrency Thread Group 1-470,text,true,,43906,47,47,1728114,0
1530293472446,1729274,obtenerEncuesta,200,OK,bzm - Concurrency Thread Group 1-463,text,true,,43906,46,46,1729268,0
1530293472456,1730583,obtenerEncuesta,200,OK,bzm - Concurrency Thread Group 1-462,text,true,,43915,45,45,1730581,0
1530293472626,1731337,obtenerEncuesta,200,OK,bzm - Concurrency Thread Group 1-496,text,true,,43918,44,44,1731336,0
1530293472653,1733140,obtenerEncuesta,200,OK,bzm - Concurrency Thread Group 1-500,text,true,,43904,43,43,1733139,0
1530293472493,1735313,obtenerEncuesta,200,OK,bzm - Concurrency Thread Group 1-480,text,true,,43906,42,42,1735313,0
1530293472646,1735165,obtenerEncuesta,200,OK,bzm - Concurrency Thread Group 1-498,text,true,,43909,41,41,1735165,0
1530293472443,1739098,obtenerEncuesta,200,OK,bzm - Concurrency Thread Group 1-468,text,true,,43912,40,40,1739097,0
1530293472503,1748755,obtenerEncuesta,200,OK,bzm - Concurrency Thread Group 1-482,text,true,,43906,39,39,1748743,0
1530293472481,1749047,obtenerEncuesta,200,OK,bzm - Concurrency Thread Group 1-479,text,true,,43912,38,38,1749044,0
1530293472539,1753746,obtenerEncuesta,200,OK,bzm - Concurrency Thread Group 1-485,text,true,,43906,37,37,1753745,0
1530293472566,1778921,obtenerEncuesta,200,OK,bzm - Concurrency Thread Group 1-488,text,true,,43909,36,36,1778918,0
1530293472521,1795102,obtenerEncuesta,200,OK,bzm - Concurrency Thread Group 1-484,text,true,,43909,35,35,1795101,0
1530293472586,1795047,obtenerEncuesta,200,OK,bzm - Concurrency Thread Group 1-491,text,true,,43912,34,34,1795046,0
1530293475250,1798718,completarEncuestaPreInscripcion,200,OK,bzm - Concurrency Thread Group 1-24,,true,,450,33,33,1798718,0
1530293472612,1801429,obtenerEncuesta,200,OK,bzm - Concurrency Thread Group 1-494,text,true,,43909,32,32,1801428,0
1530293472583,1806329,obtenerEncuesta,200,OK,bzm - Concurrency Thread Group 1-490,text,true,,43918,31,31,1806324,0
1530293477524,1815510,completarEncuestaPreInscripcion,200,OK,bzm - Concurrency Thread Group 1-40,,true,,450,30,30,1815510,0
1530293476606,1817358,completarEncuestaPreInscripcion,200,OK,bzm - Concurrency Thread Group 1-10,,true,,450,29,29,1817358,0
1530293477311,1836016,completarEncuestaPreInscripcion,200,OK,bzm - Concurrency Thread Group 1-13,,true,,450,28,28,1836016,0
1530293479115,1845776,completarEncuestaPreInscripcion,200,OK,bzm - Concurrency Thread Group 1-46,,true,,450,27,27,1845776,0
1530293496926,1836496,completarEncuestaPreInscripcion,200,OK,bzm - Concurrency Thread Group 1-48,,true,,450,26,26,1836496,0
1530293483454,1850008,completarEncuestaPreInscripcion,200,OK,bzm - Concurrency Thread Group 1-19,,true,,450,25,25,1850008,0
1530293479104,1854434,completarEncuestaPreInscripcion,200,OK,bzm - Concurrency Thread Group 1-47,,true,,450,24,24,1854434,0
1530293523636,1810194,completarEncuestaPreInscripcion,200,OK,bzm - Concurrency Thread Group 1-11,,true,,450,23,23,1810194,0
1530293499401,1834445,completarEncuestaPreInscripcion,200,OK,bzm - Concurrency Thread Group 1-4,,true,,450,22,22,1834445,0
1530293479672,1854426,completarEncuestaPreInscripcion,200,OK,bzm - Concurrency Thread Group 1-41,,true,,450,21,21,1854426,0
1530293513562,1822513,completarEncuestaPreInscripcion,200,OK,bzm - Concurrency Thread Group 1-22,,true,,450,20,20,1822513,0
1530293594936,1741274,completarEncuestaPreInscripcion,200,OK,bzm - Concurrency Thread Group 1-2,,true,,450,19,19,1741274,0
1530293528750,1807543,completarEncuestaPreInscripcion,200,OK,bzm - Concurrency Thread Group 1-31,,true,,450,18,18,1807543,0
1530293477746,1858622,completarEncuestaPreInscripcion,200,OK,bzm - Concurrency Thread Group 1-16,,true,,450,17,17,1858622,0
1530293547818,1788690,completarEncuestaPreInscripcion,200,OK,bzm - Concurrency Thread Group 1-26,,true,,450,16,16,1788690,0
1530293553925,1782621,completarEncuestaPreInscripcion,200,OK,bzm - Concurrency Thread Group 1-7,,true,,450,15,15,1782621,0
1530293475863,1860756,completarEncuestaPreInscripcion,200,OK,bzm - Concurrency Thread Group 1-9,,true,,450,14,14,1860756,0
1530293599103,1737598,completarEncuestaPreInscripcion,200,OK,bzm - Concurrency Thread Group 1-32,,true,,450,13,13,1737598,0
1530293475293,1861494,completarEncuestaPreInscripcion,200,OK,bzm - Concurrency Thread Group 1-8,,true,,450,12,12,1861494,0
1530293476051,1860736,completarEncuestaPreInscripcion,200,OK,bzm - Concurrency Thread Group 1-18,,true,,450,11,11,1860736,0
1530293476527,1860348,completarEncuestaPreInscripcion,200,OK,bzm - Concurrency Thread Group 1-27,,true,,450,10,10,1860348,0
1530293545349,1791592,completarEncuestaPreInscripcion,200,OK,bzm - Concurrency Thread Group 1-49,,true,,450,9,9,1791592,0
1530293478149,1858988,completarEncuestaPreInscripcion,200,OK,bzm - Concurrency Thread Group 1-17,,true,,450,8,8,1858988,0
1530293599351,1737819,completarEncuestaPreInscripcion,200,OK,bzm - Concurrency Thread Group 1-37,,true,,450,7,7,1737819,0
1530293478796,1858422,completarEncuestaPreInscripcion,200,OK,bzm - Concurrency Thread Group 1-34,,true,,450,6,6,1858422,0
1530293477098,1860123,completarEncuestaPreInscripcion,200,OK,bzm - Concurrency Thread Group 1-33,,true,,450,5,5,1860123,0
1530293478872,1858357,completarEncuestaPreInscripcion,200,OK,bzm - Concurrency Thread Group 1-15,,true,,450,4,4,1858357,0
1530293477074,1860164,completarEncuestaPreInscripcion,200,OK,bzm - Concurrency Thread Group 1-5,,true,,450,3,3,1860164,0
1530293478609,1858729,completarEncuestaPreInscripcion,200,OK,bzm - Concurrency Thread Group 1-50,,true,,450,2,2,1858729,0
1530293528971,1808563,completarEncuestaPreInscripcion,200,OK,bzm - Concurrency Thread Group 1-35,,true,,450,1,1,1808563,0
